timeStamp,elapsed,label,responseCode,responseMessage,threadName,dataType,success,failureMessage,bytes,sentBytes,grpThreads,allThreads,URL,Latency,IdleTime,Connect
1777734671344,30046,AI生成帖子,Non HTTP response code: java.net.SocketTimeoutException,Non HTTP response message: Read timed out,AI接口测试-5并发 2-1,text,false,,2785,0,5,34,http://localhost:8080/api/ai/post/generate,0,0,42
1777734672259,30002,AI生成帖子,Non HTTP response code: java.net.SocketTimeoutException,Non HTTP response message: Read timed out,AI接口测试-5并发 2-2,text,false,,2785,0,5,31,http://localhost:8080/api/ai/post/generate,0,0,0
1777734673258,30003,AI生成帖子,Non HTTP response code: java.net.SocketTimeoutException,Non HTTP response message: Read timed out,AI接口测试-5并发 2-3,text,false,,2785,0,5,26,http://localhost:8080/api/ai/post/generate,0,0,1
1777734674257,30002,AI生成帖子,Non HTTP response code: java.net.SocketTimeoutException,Non HTTP response message: Read timed out,AI接口测试-5并发 2-4,text,false,,2785,0,5,14,http://localhost:8080/api/ai/post/generate,0,0,1
1777734675257,30002,AI生成帖子,Non HTTP response code: java.net.SocketTimeoutException,Non HTTP response message: Read timed out,AI接口测试-5并发 2-5,text,false,,2785,0,5,5,http://localhost:8080/api/ai/post/generate,0,0,1
1777734701392,30001,AI生成帖子,Non HTTP response code: java.net.SocketTimeoutException,Non HTTP response message: Read timed out,AI接口测试-5并发 2-1,text,false,,2785,0,5,5,http://localhost:8080/api/ai/post/generate,0,0,1
1777734702260,30001,AI生成帖子,Non HTTP response code: java.net.SocketTimeoutException,Non HTTP response message: Read timed out,AI接口测试-5并发 2-2,text,false,,2785,0,5,5,http://localhost:8080/api/ai/post/generate,0,0,0
1777734703260,30002,AI生成帖子,Non HTTP response code: java.net.SocketTimeoutException,Non HTTP response message: Read timed out,AI接口测试-5并发 2-3,text,false,,2785,0,5,5,http://localhost:8080/api/ai/post/generate,0,0,1
1777734704258,30002,AI生成帖子,Non HTTP response code: java.net.SocketTimeoutException,Non HTTP response message: Read timed out,AI接口测试-5并发 2-4,text,false,,2785,0,5,5,http://localhost:8080/api/ai/post/generate,0,0,1
1777734705258,30003,AI生成帖子,Non HTTP response code: java.net.SocketTimeoutException,Non HTTP response message: Read timed out,AI接口测试-5并发 2-5,text,false,,2785,0,5,5,http://localhost:8080/api/ai/post/generate,0,0,1
1777734731394,30002,AI生成帖子,Non HTTP response code: java.net.SocketTimeoutException,Non HTTP response message: Read timed out,AI接口测试-5并发 2-1,text,false,,2785,0,5,5,http://localhost:8080/api/ai/post/generate,0,0,1
1777734732262,30001,AI生成帖子,Non HTTP response code: java.net.SocketTimeoutException,Non HTTP response message: Read timed out,AI接口测试-5并发 2-2,text,false,,2785,0,4,4,http://localhost:8080/api/ai/post/generate,0,0,0
1777734733262,30003,AI生成帖子,Non HTTP response code: java.net.SocketTimeoutException,Non HTTP response message: Read timed out,AI接口测试-5并发 2-3,text,false,,2785,0,3,3,http://localhost:8080/api/ai/post/generate,0,0,1
1777734734261,30001,AI生成帖子,Non HTTP response code: java.net.SocketTimeoutException,Non HTTP response message: Read timed out,AI接口测试-5并发 2-4,text,false,,2785,0,2,2,http://localhost:8080/api/ai/post/generate,0,0,0
1777734735261,30001,AI生成帖子,Non HTTP response code: java.net.SocketTimeoutException,Non HTTP response message: Read timed out,AI接口测试-5并发 2-5,text,false,,2785,0,1,1,http://localhost:8080/api/ai/post/generate,0,0,1
1777735313266,30033,AI生成帖子,Non HTTP response code: java.net.SocketTimeoutException,Non HTTP response message: Read timed out,AI接口测试-5并发 2-1,text,false,,2785,0,5,27,http://localhost:8080/api/ai/post/generate,0,0,29
1777735314182,30002,AI生成帖子,Non HTTP response code: java.net.SocketTimeoutException,Non HTTP response message: Read timed out,AI接口测试-5并发 2-2,text,false,,2785,0,5,20,http://localhost:8080/api/ai/post/generate,0,0,1
1777735315183,30001,AI生成帖子,Non HTTP response code: java.net.SocketTimeoutException,Non HTTP response message: Read timed out,AI接口测试-5并发 2-3,text,false,,2785,0,5,5,http://localhost:8080/api/ai/post/generate,0,0,1
1777735316181,30003,AI生成帖子,Non HTTP response code: java.net.SocketTimeoutException,Non HTTP response message: Read timed out,AI接口测试-5并发 2-4,text,false,,2785,0,5,5,http://localhost:8080/api/ai/post/generate,0,0,1
1777735317182,30003,AI生成帖子,Non HTTP response code: java.net.SocketTimeoutException,Non HTTP response message: Read timed out,AI接口测试-5并发 2-5,text,false,,2785,0,5,5,http://localhost:8080/api/ai/post/generate,0,0,1
1777735343299,30002,AI生成帖子,Non HTTP response code: java.net.SocketTimeoutException,Non HTTP response message: Read timed out,AI接口测试-5并发 2-1,text,false,,2785,0,5,5,http://localhost:8080/api/ai/post/generate,0,0,2
1777735344184,30001,AI生成帖子,Non HTTP response code: java.net.SocketTimeoutException,Non HTTP response message: Read timed out,AI接口测试-5并发 2-2,text,false,,2785,0,5,5,http://localhost:8080/api/ai/post/generate,0,0,1
1777735345185,30001,AI生成帖子,Non HTTP response code: java.net.SocketTimeoutException,Non HTTP response message: Read timed out,AI接口测试-5并发 2-3,text,false,,2785,0,5,5,http://localhost:8080/api/ai/post/generate,0,0,0
1777735346184,30002,AI生成帖子,Non HTTP response code: java.net.SocketTimeoutException,Non HTTP response message: Read timed out,AI接口测试-5并发 2-4,text,false,,2785,0,5,5,http://localhost:8080/api/ai/post/generate,0,0,1
1777735347186,30001,AI生成帖子,Non HTTP response code: java.net.SocketTimeoutException,Non HTTP response message: Read timed out,AI接口测试-5并发 2-5,text,false,,2785,0,5,5,http://localhost:8080/api/ai/post/generate,0,0,0
1777735373302,30001,AI生成帖子,Non HTTP response code: java.net.SocketTimeoutException,Non HTTP response message: Read timed out,AI接口测试-5并发 2-1,text,false,,2785,0,5,5,http://localhost:8080/api/ai/post/generate,0,0,1
1777735374186,30002,AI生成帖子,Non HTTP response code: java.net.SocketTimeoutException,Non HTTP response message: Read timed out,AI接口测试-5并发 2-2,text,false,,2785,0,4,4,http://localhost:8080/api/ai/post/generate,0,0,1
1777735375186,30002,AI生成帖子,Non HTTP response code: java.net.SocketTimeoutException,Non HTTP response message: Read timed out,AI接口测试-5并发 2-3,text,false,,2785,0,3,3,http://localhost:8080/api/ai/post/generate,0,0,1
1777735376186,30001,AI生成帖子,Non HTTP response code: java.net.SocketTimeoutException,Non HTTP response message: Read timed out,AI接口测试-5并发 2-4,text,false,,2785,0,2,2,http://localhost:8080/api/ai/post/generate,0,0,1
1777735377187,30001,AI生成帖子,Non HTTP response code: java.net.SocketTimeoutException,Non HTTP response message: Read timed out,AI接口测试-5并发 2-5,text,false,,2785,0,1,1,http://localhost:8080/api/ai/post/generate,0,0,1
1777735431332,30029,AI生成帖子,Non HTTP response code: java.net.SocketTimeoutException,Non HTTP response message: Read timed out,AI接口测试-5并发 2-1,text,false,,2785,0,5,28,http://localhost:8080/api/ai/post/generate,0,0,25
1777735432165,30002,AI生成帖子,Non HTTP response code: java.net.SocketTimeoutException,Non HTTP response message: Read timed out,AI接口测试-5并发 2-2,text,false,,2785,0,5,19,http://localhost:8080/api/ai/post/generate,0,0,1
1777735433175,30003,AI生成帖子,Non HTTP response code: java.net.SocketTimeoutException,Non HTTP response message: Read timed out,AI接口测试-5并发 2-3,text,false,,2785,0,5,5,http://localhost:8080/api/ai/post/generate,0,0,2
1777735434164,30003,AI生成帖子,Non HTTP response code: java.net.SocketTimeoutException,Non HTTP response message: Read timed out,AI接口测试-5并发 2-4,text,false,,2785,0,5,5,http://localhost:8080/api/ai/post/generate,0,0,1
1777735435163,30002,AI生成帖子,Non HTTP response code: java.net.SocketTimeoutException,Non HTTP response message: Read timed out,AI接口测试-5并发 2-5,text,false,,2785,0,5,5,http://localhost:8080/api/ai/post/generate,0,0,1
1777735461362,30002,AI生成帖子,Non HTTP response code: java.net.SocketTimeoutException,Non HTTP response message: Read timed out,AI接口测试-5并发 2-1,text,false,,2785,0,5,5,http://localhost:8080/api/ai/post/generate,0,0,1
1777735462168,30001,AI生成帖子,Non HTTP response code: java.net.SocketTimeoutException,Non HTTP response message: Read timed out,AI接口测试-5并发 2-2,text,false,,2785,0,5,5,http://localhost:8080/api/ai/post/generate,0,0,0
1777735463178,30002,AI生成帖子,Non HTTP response code: java.net.SocketTimeoutException,Non HTTP response message: Read timed out,AI接口测试-5并发 2-3,text,false,,2785,0,5,5,http://localhost:8080/api/ai/post/generate,0,0,0
1777735464167,30001,AI生成帖子,Non HTTP response code: java.net.SocketTimeoutException,Non HTTP response message: Read timed out,AI接口测试-5并发 2-4,text,false,,2785,0,5,5,http://localhost:8080/api/ai/post/generate,0,0,1
1777735465165,30002,AI生成帖子,Non HTTP response code: java.net.SocketTimeoutException,Non HTTP response message: Read timed out,AI接口测试-5并发 2-5,text,false,,2785,0,5,5,http://localhost:8080/api/ai/post/generate,0,0,1
1777735491366,30001,AI生成帖子,Non HTTP response code: java.net.SocketTimeoutException,Non HTTP response message: Read timed out,AI接口测试-5并发 2-1,text,false,,2785,0,5,5,http://localhost:8080/api/ai/post/generate,0,0,1
1777735492171,30002,AI生成帖子,Non HTTP response code: java.net.SocketTimeoutException,Non HTTP response message: Read timed out,AI接口测试-5并发 2-2,text,false,,2785,0,4,4,http://localhost:8080/api/ai/post/generate,0,0,0
1777735493181,30003,AI生成帖子,Non HTTP response code: java.net.SocketTimeoutException,Non HTTP response message: Read timed out,AI接口测试-5并发 2-3,text,false,,2785,0,3,3,http://localhost:8080/api/ai/post/generate,0,0,1
1777735494170,30001,AI生成帖子,Non HTTP response code: java.net.SocketTimeoutException,Non HTTP response message: Read timed out,AI接口测试-5并发 2-4,text,false,,2785,0,2,2,http://localhost:8080/api/ai/post/generate,0,0,0
1777735495168,30002,AI生成帖子,Non HTTP response code: java.net.SocketTimeoutException,Non HTTP response message: Read timed out,AI接口测试-5并发 2-5,text,false,,2785,0,1,1,http://localhost:8080/api/ai/post/generate,0,0,1
